班级,周次,日期,星期,节次,地点,教学组织形式,教学主题/任务
22无人机1,7,2022-10-18,星期二,,,讲授,课程概述与飞行安全
22无人机1,7,2022-10-18,星期二,,,讲授,课程概述与飞行安全
22无人机1,7,2022-10-21,星期五,,,讲授,1 模拟飞行训练：1.1 模拟环境安装与配置
22无人机1,7,2022-10-21,星期五,,,讲授,1.2 遥控器理论与配置
22无人机1,8,2022-10-25,星期二,,,实践,1.2 遥控器理论与配置
22无人机1,8,2022-10-25,星期二,,,实践,1.6 起飞与降落 1.7 定点降落 1.8 定点斜降落 1.9 四面悬停
22无人机1,8,2022-10-28,星期五,,,实践,1.10 匀速飞行 1.11 原地升降360 1.12 菱形训练
22无人机1,8,2022-10-28,星期五,,,实践,1.13 矩形定点转弯 1.14 四面矩形 1.15 四面米字训练
22无人机1,10,2022-11-11,星期五,,,实践,1.16 水平360训练 1.17 八面米字训练 1.18 有风八面悬停
22无人机1,10,2022-11-11,星期五,,,实践,1.19 有风原地360 1.20 矩形协调转弯 1.21 定高悬停
22无人机1,11,2022-11-18,星期五,,,实践,1.22 八字飞行训练 1.23 四分之一弧形转弯与八字训练 1.24 有风八字训练
22无人机1,11,2022-11-18,星期五,,,平时考核,模拟飞行考核
22无人机1,12,2022-11-24,星期四,,,实践,2 室内飞行训练：2.1 室内飞行电池充电 2.2 室内飞行电池安装与解锁
22无人机1,12,2022-11-24,星期四,,,实践,2.3 室内飞行起降悬停训练
22无人机1,12,2022-11-25,星期五,,,实践,2.4 室内飞行八面悬停训练
22无人机1,12,2022-11-25,星期五,,,实践,2.5 室内飞行四面矩形训练
22无人机1,13,2022-12-01,星期四,,,实践,2.6 室内飞行左右偏转360度训练
22无人机1,13,2022-12-01,星期四,,,实践,2.7 室内飞行水平8字飞行训练
22无人机1,13,2022-12-02,星期五,,,平时考核,室内飞行考核
22无人机1,13,2022-12-02,星期五,,,实践,3 室外飞行训练：3.1 室外飞行安全检查
22无人机1,14,2022-12-09,星期五,,,实践,3.2 室外飞行电池充电
22无人机1,14,2022-12-09,星期五,,,实践,3.3 室外飞行电池安装与解锁
22无人机1,15,2022-12-16,星期五,,,实践,3.4 室外飞行起降悬停训练
22无人机1,15,2022-12-16,星期五,,,实践,3.5 室外飞行八面悬停训练
22无人机1,16,2022-12-23,星期五,,,实践,3.6 室外飞行四面矩形训练
22无人机1,16,2022-12-23,星期五,,,实践,3.7 室外飞行左右偏转360度训练
22无人机1,17,2022-12-30,星期五,,,实践,3.8 室外飞行水平8字飞行训练
22无人机1,17,2022-12-30,星期五,,,平时考核,室外飞行考核
22无人机1,18,2023-01-06,星期五,,,期末考核,综合考核
22无人机1,18,2023-01-06,星期五,,,期末考核,综合考核
